{
    "npm": {
        "publish": false
    },
    "plugins": {
        "@release-it/conventional-changelog": {
            "infile": "CHANGELOG.md",
            "ignoreRecommendedBump": true,
            "strictSemVer": true,
            "preset": {
                "name": "conventionalcommits",
                "types": [
                    {
                        "type": "feat",
                        "section": "✨新功能"
                    },
                    {
                        "type": "fix",
                        "section": " 问题修复"
                    },
                    {
                        "type": "docs",
                        "section": " 文档"
                    }
                ]
            }
        }
    }
}